{
  "internode_scale": 0.19949559212850249,
  "diameter_scale": 0.0575906757912746
}