Culm_ID,Height_cm,Diameter_cm
1,182.33897120545126,5.586295551753636
2,212.66230120898365,6.2773836612489315
3,205.48045989235757,7.2564251497006
4,219.84414252560973,6.104611633875108
